{
  "objects" : {
    "collections" : [ {
      "id" : "qvino_signals_aggr",
      "createdAt" : "2018-02-27T03:12:21.150Z",
      "searchClusterId" : "default",
      "commitWithin" : 10000,
      "solrParams" : {
        "name" : "qvino_signals_aggr",
        "numShards" : 2,
        "replicationFactor" : 1,
        "maxShardsPerNode" : 2
      },
      "type" : "SIGNALS_AGGREGATION",
      "relatedCollectionId" : "qvino",
      "metadata" : { }
    }, {
      "id" : "qvino_signals",
      "createdAt" : "2018-02-27T03:12:11.937Z",
      "searchClusterId" : "default",
      "commitWithin" : 10000,
      "solrParams" : {
        "name" : "qvino_signals",
        "numShards" : 2,
        "replicationFactor" : 1,
        "maxShardsPerNode" : 2,
        "configTemplate" : "solr/conf/insights.zip"
      },
      "type" : "SIGNALS",
      "relatedCollectionId" : "qvino",
      "metadata" : { }
    }, {
      "id" : "qvino",
      "createdAt" : "2018-02-27T03:12:03.668Z",
      "searchClusterId" : "default",
      "commitWithin" : 10000,
      "solrParams" : {
        "name" : "qvino",
        "numShards" : 1,
        "replicationFactor" : 1
      },
      "type" : "DATA",
      "metadata" : { }
    } ],
    "indexPipelines" : [ {
      "id" : "qvino",
      "stages" : [ {
        "type" : "field-mapping",
        "id" : "90a0361a-091d-4243-93f7-334b8513b701",
        "mappings" : [ ],
        "reservedFieldsMappingAllowed" : false,
        "type" : "field-mapping",
        "skip" : false,
        "licensed" : true,
        "secretSourceStageId" : "90a0361a-091d-4243-93f7-334b8513b701"
      }, {
        "type" : "solr-dynamic-field-name-mapping",
        "id" : "955077e6-592e-4248-a0bf-f998a1deb22b",
        "duplicateSingleValuedFields" : false,
        "fieldsToExclude" : [ ],
        "advancedTextFieldsIndexing" : true,
        "maxTextLengthForAdvancedIndexing" : 100,
        "type" : "solr-dynamic-field-name-mapping",
        "skip" : false,
        "licensed" : true,
        "secretSourceStageId" : "955077e6-592e-4248-a0bf-f998a1deb22b"
      }, {
        "type" : "solr-index",
        "id" : "4bd5ee1d-9b20-4f66-adea-6270daf77854",
        "enforceSchema" : true,
        "dateFormats" : [ ],
        "params" : [ ],
        "bufferDocsForSolr" : false,
        "type" : "solr-index",
        "skip" : false,
        "licensed" : true,
        "secretSourceStageId" : "4bd5ee1d-9b20-4f66-adea-6270daf77854"
      } ],
      "properties" : {
        "secretSourcePipelineId" : "qvino"
      }
    } ],
    "queryPipelines" : [ {
      "id" : "qvino",
      "stages" : [ {
        "type" : "recommendation",
        "id" : "99a320e6-fb03-4a94-b5de-24d56383e217",
        "numRecommendations" : 10,
        "numSignals" : 100,
        "aggrType" : "click@doc_id,filters,query",
        "boostId" : "id",
        "boostingMethod" : "query-param",
        "boostingParam" : "boost",
        "queryParams" : [ {
          "key" : "qf",
          "value" : "query_t"
        }, {
          "key" : "pf",
          "value" : "query_t^10"
        }, {
          "key" : "pf",
          "value" : "query_t~2^7"
        }, {
          "key" : "mm",
          "value" : "50%"
        }, {
          "key" : "defType",
          "value" : "edismax"
        }, {
          "key" : "sort",
          "value" : "score desc, weight_d desc"
        } ],
        "rollupField" : "doc_id_s",
        "rollupWeightField" : "weight_d",
        "type" : "recommendation",
        "skip" : false,
        "licensed" : true,
        "secretSourceStageId" : "99a320e6-fb03-4a94-b5de-24d56383e217"
      }, {
        "type" : "search-fields",
        "id" : "6e8f6b98-8153-4c89-91d8-97112407b14a",
        "rows" : 10,
        "start" : 0,
        "queryFields" : [ {
          "field" : "title_s",
          "boost" : 1.0
        }, {
          "field" : "taster_name_s"
        }, {
          "field" : "taster_twitter_handle_s"
        }, {
          "field" : "winery_s"
        }, {
          "field" : "description_s"
        }, {
          "field" : "designation_s"
        }, {
          "field" : "variety_s"
        }, {
          "field" : "description_s"
        }, {
          "field" : "description_t"
        } ],
        "returnFields" : [ "taster_name_s", "taster_twitter_handle_s", "winery_s", "country_s", "points_s", "designation_s", "price_i", "variety_s", "region_1_s", "province_s", "country_s", "winery_s", "title_s", "description_s", "id", "description_t" ],
        "minimumMatch" : "",
        "type" : "search-fields",
        "skip" : false,
        "label" : "API Query",
        "licensed" : true,
        "secretSourceStageId" : "6e8f6b98-8153-4c89-91d8-97112407b14a"
      }, {
        "type" : "facet",
        "id" : "1881903f-0e82-4aaf-9d5d-ef307c438c0a",
        "fieldFacets" : [ {
          "field" : "winery_t",
          "minCount" : 1,
          "missing" : false
        }, {
          "field" : "taster_twitter_handle_t",
          "minCount" : 1,
          "missing" : false
        }, {
          "field" : "taster_name_t",
          "minCount" : 1,
          "missing" : false
        }, {
          "field" : "title_t",
          "minCount" : 1,
          "missing" : false
        }, {
          "field" : "title_s",
          "minCount" : 1,
          "missing" : false
        }, {
          "field" : "description_s",
          "minCount" : 1,
          "missing" : false
        } ],
        "type" : "facet",
        "skip" : false,
        "licensed" : true,
        "secretSourceStageId" : "1881903f-0e82-4aaf-9d5d-ef307c438c0a",
        "properties" : {
          "autoCreated" : true
        }
      }, {
        "type" : "solr-query",
        "id" : "8feda30b-f77e-406d-a84a-95106913a44b",
        "allowedRequestHandlers" : [ ],
        "httpMethod" : "POST",
        "allowFederatedSearch" : false,
        "type" : "solr-query",
        "skip" : false,
        "licensed" : true,
        "secretSourceStageId" : "8feda30b-f77e-406d-a84a-95106913a44b"
      } ],
      "properties" : {
        "secretSourcePipelineId" : "qvino"
      }
    } ],
    "features" : {
      "qvino_signals_aggr" : [ {
        "name" : "partitionByTime",
        "collectionId" : "qvino_signals_aggr",
        "params" : { },
        "enabled" : false
      }, {
        "name" : "signals",
        "collectionId" : "qvino_signals_aggr",
        "params" : { },
        "enabled" : false
      }, {
        "name" : "searchLogs",
        "collectionId" : "qvino_signals_aggr",
        "params" : { },
        "enabled" : false
      }, {
        "name" : "recommendations",
        "collectionId" : "qvino_signals_aggr",
        "params" : {
          "idField" : "id",
          "itemsForUser" : true,
          "itemsForQuery" : false,
          "itemsForItem" : true,
          "queriesForQuery" : false
        },
        "enabled" : false
      } ],
      "qvino_signals" : [ {
        "name" : "partitionByTime",
        "collectionId" : "qvino_signals",
        "params" : { },
        "enabled" : false
      }, {
        "name" : "signals",
        "collectionId" : "qvino_signals",
        "params" : { },
        "enabled" : false
      }, {
        "name" : "searchLogs",
        "collectionId" : "qvino_signals",
        "params" : { },
        "enabled" : false
      }, {
        "name" : "recommendations",
        "collectionId" : "qvino_signals",
        "params" : {
          "idField" : "id",
          "itemsForUser" : true,
          "itemsForQuery" : false,
          "itemsForItem" : true,
          "queriesForQuery" : false
        },
        "enabled" : false
      } ],
      "qvino" : [ {
        "name" : "partitionByTime",
        "collectionId" : "qvino",
        "params" : { },
        "enabled" : false
      }, {
        "name" : "signals",
        "collectionId" : "qvino",
        "params" : { },
        "enabled" : true
      }, {
        "name" : "searchLogs",
        "collectionId" : "qvino",
        "params" : { },
        "enabled" : true
      }, {
        "name" : "recommendations",
        "collectionId" : "qvino",
        "params" : {
          "idField" : "id",
          "itemsForUser" : true,
          "itemsForQuery" : false,
          "itemsForItem" : true,
          "queriesForQuery" : false
        },
        "enabled" : false
      } ]
    },
    "indexProfiles" : {
      "qvino" : [ {
        "id" : "qvino",
        "indexPipeline" : "qvino",
        "collection" : "qvino",
        "parser" : "qvino",
        "params" : [ ]
      } ]
    },
    "queryProfiles" : {
      "qvino" : [ {
        "id" : "qvino",
        "queryPipeline" : "qvino",
        "collection" : "qvino",
        "searchHandler" : "/select"
      } ]
    },
    "parsers" : [ {
      "id" : "qvino",
      "enableMediaTypeDetection" : true,
      "maxParserDepth" : 16,
      "parserStages" : [ {
        "type" : "archive",
        "enabled" : true,
        "mediaTypes" : [ ],
        "pathPatterns" : [ ],
        "errorHandling" : "mark",
        "id" : "4c0ee3ce-29b0-40bf-93d2-595398450e66",
        "alwaysDetect" : true,
        "inheritMediaTypes" : true,
        "outputFieldPrefix" : ""
      }, {
        "type" : "csv",
        "enabled" : true,
        "mediaTypes" : [ ],
        "pathPatterns" : [ ],
        "errorHandling" : "mark",
        "id" : "5ea19716-9220-4c4b-8527-782054ad8eaf",
        "charset" : "detect",
        "ignoreBOM" : false,
        "autoDetect" : true,
        "hasHeaders" : true,
        "headers" : [ ],
        "fillValue" : "<FILL>",
        "trimWhitespace" : true,
        "skipEmptyLines" : true,
        "includeRowNumber" : true,
        "commentHandling" : "ignore",
        "maxRowLength" : 10485760,
        "maxNumColumns" : 1000,
        "maxColumnChars" : 10485760,
        "columnHandling" : "default",
        "inheritMediaTypes" : true,
        "outputFieldPrefix" : ""
      }, {
        "type" : "json",
        "enabled" : true,
        "mediaTypes" : [ ],
        "pathPatterns" : [ ],
        "errorHandling" : "mark",
        "id" : "81b09627-d4c5-455d-8f5e-9bf31ce7855e",
        "splitArrays" : true,
        "includePath" : false,
        "mappings" : [ ],
        "listHandling" : "multivalued",
        "inheritMediaTypes" : true,
        "outputFieldPrefix" : ""
      }, {
        "type" : "xml",
        "enabled" : true,
        "mediaTypes" : [ ],
        "pathPatterns" : [ ],
        "errorHandling" : "mark",
        "id" : "d71aac1a-b002-4d3f-b71d-2538d0dd1892",
        "rootPaths" : [ "/" ],
        "maxSize" : 65536,
        "listHandling" : "multivalued",
        "inheritMediaTypes" : true,
        "outputFieldPrefix" : ""
      }, {
        "type" : "html",
        "enabled" : true,
        "mediaTypes" : [ ],
        "pathPatterns" : [ ],
        "errorHandling" : "mark",
        "id" : "e3132818-cb0c-443b-9813-6fac14cf8947",
        "charset" : "detect",
        "mappings" : [ ],
        "keepParent" : true,
        "extractHtmlLinks" : false,
        "extractBodyText" : true,
        "metatagsPrefix" : "",
        "inheritMediaTypes" : true,
        "outputFieldPrefix" : ""
      }, {
        "type" : "text",
        "enabled" : true,
        "mediaTypes" : [ ],
        "pathPatterns" : [ ],
        "errorHandling" : "mark",
        "id" : "df44ddd9-7a19-4509-94c4-5da5116a5516",
        "charset" : "detect",
        "ignoreBOM" : false,
        "maxLength" : 1048576,
        "maxLineLength" : 1048576,
        "outputField" : "body",
        "splitLines" : false,
        "skipEmptyLines" : false,
        "skipHeaderLines" : 0,
        "trimWhitespace" : false,
        "commentHandling" : "include",
        "comment" : "#",
        "commentField" : "comment",
        "inheritMediaTypes" : true,
        "outputFieldPrefix" : ""
      }, {
        "type" : "tika",
        "enabled" : true,
        "mediaTypes" : [ ],
        "pathPatterns" : [ ],
        "errorHandling" : "mark",
        "id" : "ec4b0c7d-fe29-4ba0-81ed-8dd20bc014b2",
        "includeImages" : false,
        "flattenCompound" : true,
        "addFailedDocs" : false,
        "addOriginalContent" : false,
        "contentEncoding" : "binary",
        "returnXml" : false,
        "keepOriginalStructure" : false,
        "extractHtmlLinks" : false,
        "extractOtherLinks" : false,
        "excludeContentTypes" : [ ],
        "zipBombCompressionRatio" : 200,
        "zipBombMaxDepth" : 200,
        "zipBombMaxPackageEntryDepth" : 20,
        "inheritMediaTypes" : true,
        "outputFieldPrefix" : ""
      }, {
        "type" : "fallback",
        "enabled" : true,
        "mediaTypes" : [ ],
        "pathPatterns" : [ ],
        "errorHandling" : "mark",
        "id" : "aee0eaec-04c3-4d23-bf5d-d725451dc51b",
        "metadataOnly" : false,
        "maxBytesToKeep" : 1048576,
        "inheritMediaTypes" : true,
        "outputFieldPrefix" : ""
      } ]
    } ],
    "objectGroups" : [ {
      "id" : "8640a378-a8c5-4ef5-8dd0-63a428885260",
      "name" : "signals-qvino",
      "isSystem" : true,
      "description" : "Collection 'qvino' objects for signals support"
    } ],
    "links" : [ {
      "subject" : "datasource:winemag_data_130_k_v_2_json-qvino",
      "object" : "parser:qvino",
      "linkType" : "dependsOn"
    }, {
      "subject" : "group:8640a378-a8c5-4ef5-8dd0-63a428885260",
      "object" : "spark:qvino_user_query_history_aggregation",
      "linkType" : "hasPart"
    }, {
      "subject" : "group:8640a378-a8c5-4ef5-8dd0-63a428885260",
      "object" : "collection:qvino",
      "linkType" : "relatesTo"
    }, {
      "subject" : "parser:qvino",
      "object" : "app:qvino",
      "linkType" : "inContextOf"
    }, {
      "subject" : "app:qvino",
      "object" : "group:_shared",
      "linkType" : "relatesTo"
    }, {
      "subject" : "group:8640a378-a8c5-4ef5-8dd0-63a428885260",
      "object" : "spark:qvino_user_item_preferences_aggregation",
      "linkType" : "hasPart"
    }, {
      "subject" : "group:8640a378-a8c5-4ef5-8dd0-63a428885260",
      "object" : "spark:qvino_head_tail",
      "linkType" : "hasPart"
    }, {
      "subject" : "group:8640a378-a8c5-4ef5-8dd0-63a428885260",
      "object" : "spark:qvino_click_signals_aggregation",
      "linkType" : "hasPart"
    }, {
      "subject" : "query-pipeline:qvino",
      "object" : "app:qvino",
      "linkType" : "inContextOf"
    }, {
      "subject" : "collection:qvino",
      "object" : "app:qvino",
      "linkType" : "inContextOf"
    }, {
      "subject" : "group:8640a378-a8c5-4ef5-8dd0-63a428885260",
      "object" : "spark:qvino_session_rollup",
      "linkType" : "hasPart"
    }, {
      "subject" : "index-profile:qvino",
      "object" : "app:qvino",
      "linkType" : "inContextOf"
    }, {
      "subject" : "index-profile:qvino",
      "object" : "collection:qvino",
      "linkType" : "relatesTo"
    }, {
      "subject" : "datasource:winemag_data_130_k_v_2_json-qvino",
      "object" : "app:qvino",
      "linkType" : "inContextOf"
    }, {
      "subject" : "group:8640a378-a8c5-4ef5-8dd0-63a428885260",
      "object" : "collection:qvino_signals",
      "linkType" : "hasPart"
    }, {
      "subject" : "datasource:winemag_data_130_k_v_2_json-qvino",
      "object" : "index-pipeline:qvino",
      "linkType" : "dependsOn"
    }, {
      "subject" : "collection:qvino",
      "object" : "index-pipeline:qvino",
      "linkType" : "relatesTo"
    }, {
      "subject" : "query-profile:qvino",
      "object" : "collection:qvino",
      "linkType" : "relatesTo"
    }, {
      "subject" : "index-profile:qvino",
      "object" : "index-pipeline:qvino",
      "linkType" : "relatesTo"
    }, {
      "subject" : "datasource:winemag_data_130_k_v_2_json-qvino",
      "object" : "blob:winemag-data-130k-v2.json",
      "linkType" : "dependsOn"
    }, {
      "subject" : "group:8640a378-a8c5-4ef5-8dd0-63a428885260",
      "object" : "collection:qvino_signals_aggr",
      "linkType" : "hasPart"
    }, {
      "subject" : "datasource:winemag_data_130_k_v_2_json-qvino",
      "object" : "collection:qvino",
      "linkType" : "relatesTo"
    } ],
    "sparkJobs" : [ {
      "type" : "sql_template",
      "id" : "qvino_user_item_preferences_aggregation",
      "inputCollection" : "qvino_signals",
      "outputCollection" : "qvino_signals_aggr",
      "sql" : "WITH signal_type_groups AS (\n    SELECT SUM(count_i) AS typed_aggr_count_i,\n           doc_id,\n           user_id,\n           type,\n           time_decay(count_i, timestamp_tdt) AS typed_weight_d\n      FROM ${inputCollection}\n     WHERE type IN (${signalTypes})\n  GROUP BY user_id, doc_id, type\n ) SELECT SUM(typed_aggr_count_i) AS aggr_count_i,\n          doc_id AS doc_id_s,\n          user_id AS user_id_s,\n          weighted_sum(typed_weight_d, type, '${signalTypeWeights}') AS weight_d\n     FROM signal_type_groups\n GROUP BY doc_id, user_id",
      "parameters" : [ {
        "key" : "signalTypeWeights",
        "value" : "click:1.0,cart:10.0,purchase:25.0"
      } ],
      "selectQuery" : "*:*",
      "sourceRemove" : false,
      "sourceCatchup" : true,
      "outputRollup" : true,
      "hiddenParameters" : [ {
        "key" : "signalTypes",
        "value" : "_regex/signalTypeWeights/([\\w\\-\\.]*):([\\d\\.\\-]*)(,|$)/'$1'$3/g"
      } ],
      "skipCheckEnabled" : true,
      "notes" : "Computes an aggregated weight for each user / item combination found in the signals collection. The weight for each group is computed using an exponential time-decay on signal count (30 day half-life) and a weighted sum based on the signal type. Use the 'signalTypeWeights' parameter to set the correct signal types and weights for your dataset. The results of this job can be used as input to the ALS recommendation job."
    }, {
      "type" : "headTailAnalysis",
      "id" : "qvino_head_tail",
      "randomSeed" : 1234,
      "trainingCollection" : "qvino_signals",
      "outputCollection" : "qvino_signals_aggr",
      "overwriteOutput" : true,
      "trainingDataFilterQuery" : "type_s:click OR type_s:response",
      "fieldToVectorize" : "query_s",
      "trainingDataFrameConfigOptions" : { },
      "analyzerConfigQuery" : "{ \"analyzers\": [ { \"name\": \"StdTokLowerStem\",\"charFilters\": [ { \"type\": \"htmlstrip\" } ],\"tokenizer\": { \"type\": \"standard\" },\"filters\": [{ \"type\": \"lowercase\" },{ \"type\": \"englishminimalstem\" }] }],\"fields\": [{ \"regex\": \".+\", \"analyzer\": \"StdTokLowerStem\" } ]}",
      "countField" : "count_i",
      "mainType" : "click",
      "filterType" : "response",
      "signalTypeField" : "type_s",
      "minCountMain" : 1,
      "minCountFilter" : 20,
      "userHead" : -1.0,
      "userTail" : -1.0,
      "topQ" : [ 100.0, 0.01 ],
      "trafficPerc" : [ 0.25, 0.5, 0.75 ],
      "lastTraffic" : [ 0.01 ],
      "trafficCount" : [ 5.0 ],
      "overlapThreshold" : 4,
      "lenScale" : 6,
      "overlapNumBoost" : 10.0,
      "headQueryCntBoost" : 1.0,
      "tailRewrite" : true,
      "dataFormat" : "solr",
      "trainingDataSamplingFraction" : 1.0,
      "queryLenThreshold" : 2
    }, {
      "type" : "sql_template",
      "id" : "qvino_session_rollup",
      "inputCollection" : "qvino_signals",
      "outputCollection" : "qvino_signals",
      "sql" : "SELECT COUNT(1) AS activity_count,\n            MIN(timestamp_tdt) AS start,\n            MAX(timestamp_tdt) AS end,\n            timediff(MAX(timestamp_tdt), MIN(timestamp_tdt), \"MINUTES\") AS duration,\n            'session' AS type,\n            first(user_id) AS user,\n            session_keywords(query) AS keywords,\n            session\n       FROM ${inputCollection}\n      WHERE timestamp_tdt IS NOT NULL AND type != 'session' AND session IS NOT NULL AND session NOT IN (SELECT session FROM ${inputCollection} WHERE type = 'session' AND session IS NOT NULL)\n   GROUP BY session\n     HAVING timediff(current_timestamp(), MAX(timestamp_tdt), \"SECONDS\") >= ${elapsedSecsSinceLastActivity} OR timediff(current_timestamp(), MIN(timestamp_tdt), \"SECONDS\") >= ${elapsedSecsSinceSessionStart}",
      "parameters" : [ {
        "key" : "elapsedSecsSinceLastActivity",
        "value" : "360"
      }, {
        "key" : "elapsedSecsSinceSessionStart",
        "value" : "3600"
      } ],
      "selectQuery" : "*:*",
      "sourceRemove" : false,
      "sourceCatchup" : false,
      "outputRollup" : false,
      "hiddenParameters" : [ {
        "key" : "outputProjectedFieldsOnly",
        "value" : "true"
      } ],
      "skipCheckEnabled" : false,
      "notes" : "Aggregate related user activity into a session signal containing activity count, duration, and keywords (based on user search terms). This job is used by the Fusion Insights application to show reports about user sessions. Use the 'elapsedSecsSinceLastActivity' and 'elapsedSecsSinceSessionStart' parameters to determine when a user session is considered to be complete."
    }, {
      "type" : "sql_template",
      "id" : "qvino_user_query_history_aggregation",
      "inputCollection" : "qvino_signals",
      "outputCollection" : "qvino_signals_aggr",
      "sql" : "WITH signal_type_groups AS (\n    SELECT SUM(count_i) AS typed_aggr_count_i,\n           user_id,\n           query,\n           type,\n           time_decay(count_i, timestamp_tdt) AS typed_weight_d\n      FROM ${inputCollection}\n     WHERE type IN (${signalTypes})\n  GROUP BY query, user_id, type\n ) SELECT SUM(typed_aggr_count_i) AS aggr_count_i,\n          user_id AS user_id_s,\n          query AS query_s,\n          weighted_sum(typed_weight_d, type, '${signalTypeWeights}') AS weight_d\n     FROM signal_type_groups\n GROUP BY user_id, query",
      "parameters" : [ {
        "key" : "signalTypeWeights",
        "value" : "click:1.0,cart:10.0,purchase:25.0"
      } ],
      "selectQuery" : "*:*",
      "sourceRemove" : false,
      "sourceCatchup" : true,
      "outputRollup" : true,
      "hiddenParameters" : [ {
        "key" : "signalTypes",
        "value" : "_regex/signalTypeWeights/([\\w\\-\\.]*):([\\d\\.\\-]*)(,|$)/'$1'$3/g"
      } ],
      "skipCheckEnabled" : true,
      "notes" : "Computes an aggregated weight for each user / query combination found in the signals collection. The weight for each group is computed using an exponential time-decay on signal count (30 day half-life) and a weighted sum based on the signal type. Use the 'signalTypeWeights' parameter to set the correct signal types and weights for your dataset. The results of this job can be used to boost queries for a user based on their past queries."
    }, {
      "type" : "sql_template",
      "id" : "qvino_click_signals_aggregation",
      "inputCollection" : "qvino_signals",
      "outputCollection" : "qvino_signals_aggr",
      "sql" : "WITH sigs_with_filters AS (\n   SELECT c.query as query,\n          c.doc_id,\n          q.filters_s as filters,\n          c.type,\n          c.ref_time,\n          c.count_i,\n          c.timestamp_tdt,\n          c.weight_d\n     FROM ${inputCollection} c\n LEFT JOIN (SELECT id, filters_s FROM ${inputCollection} WHERE type='response') q ON q.id = c.fusion_query_id\n    WHERE c.type IN (${signalTypes})\n ), signal_type_groups AS (\n     SELECT SUM(count_i) AS typed_aggr_count_i,\n            query,\n            doc_id,\n            type,\n            filters,\n            time_decay(count_i, timestamp_tdt) AS typed_weight_d\n       FROM sigs_with_filters\n   GROUP BY doc_id, query, filters, type\n ) SELECT SUM(typed_aggr_count_i) AS aggr_count_i,\n          query AS query_s,\n          query AS query_t,\n          doc_id AS doc_id_s,\n          filters AS filters_s,\n          SPLIT(filters, ' \\\\$ ') AS filters_ss,\n          weighted_sum(typed_weight_d, type, '${signalTypeWeights}') AS weight_d\n     FROM signal_type_groups\n GROUP BY query, doc_id, filters",
      "rollupSql" : "SELECT query_s,\n          query_s as query_t,\n          doc_id_s,\n          filters_s,\n          first(aggr_type_s) AS aggr_type_s,\n          SPLIT(filters_s, ' \\\\$ ') AS filters_ss,\n          SUM(weight_d) AS weight_d,\n          SUM(aggr_count_i) AS aggr_count_i\n     FROM qvino_signals_aggr\n GROUP BY query_s, doc_id_s, filters_s",
      "parameters" : [ {
        "key" : "signalTypeWeights",
        "value" : "click:1.0,cart:10.0,purchase:25.0"
      } ],
      "selectQuery" : "*:*",
      "sourceRemove" : false,
      "sourceCatchup" : true,
      "outputRollup" : true,
      "hiddenParameters" : [ {
        "key" : "signalTypes",
        "value" : "_regex/signalTypeWeights/([\\w\\-\\.]*):([\\d\\.\\-]*)(,|$)/'$1'$3/g"
      }, {
        "key" : "optimizeOutput",
        "value" : "4"
      } ],
      "skipCheckEnabled" : true,
      "notes" : "Computes an aggregated weight for each query / item combination found in the signals collection. The weight for each group is computed using an exponential time-decay on signal count (30 day half-life) and a weighted sum based on the signal type. Use the 'signalTypeWeights' parameter to set the correct signal types and weights for your dataset. The results of this job can be used to boost documents at query time using the boosting stage."
    } ],
    "blobs" : [ {
      "id" : "winemag-data-130k-v2.json",
      "path" : "/winemag-data-130k-v2.json",
      "dir" : "/",
      "filename" : "winemag-data-130k-v2.json",
      "contentType" : "application/octet-stream",
      "size" : 79279294,
      "modifiedTime" : "2018-02-27T03:14:59.275Z",
      "version" : 1593522309589630976,
      "md5" : "c8d544ae8e669011699cc950daffaba7",
      "metadata" : {
        "resourceType" : "file"
      }
    } ],
    "fusionApps" : [ {
      "id" : "qvino",
      "name" : "qvino",
      "description" : "Search application used to search and display wine reviews",
      "properties" : {
        "headerImageName" : "headerImage1",
        "tileColor" : "apps-darkblue",
        "previousCollectionId" : "qvino"
      }
    } ],
    "dataSources" : [ {
      "id" : "winemag_data_130_k_v_2_json-qvino",
      "created" : "2018-02-27T03:15:01.282Z",
      "modified" : "2018-02-27T03:15:01.282Z",
      "connector" : "lucid.fileupload",
      "type" : "fileupload",
      "description" : "Static Wine Review Data",
      "pipeline" : "qvino",
      "parserId" : "qvino",
      "properties" : {
        "mediaType" : "application/octet-stream",
        "collection" : "qvino",
        "fileId" : "winemag-data-130k-v2.json"
      }
    } ]
  },
  "metadata" : {
    "formatVersion" : "1",
    "exportedBy" : "2981eaf2-8e42-437a-b1d3-56278ef00d40",
    "exportedDate" : "2018-03-09T22:28:38.438Z",
    "fusionVersion" : "4.0.0",
    "fusionGuid" : "12b32c23-0f0f-4c52-a02c-86764a708858"
  }
}